{
  "trainers": [
    "db61b927-8708-4241-bd35-c89316c53b51",
    "766aed2f-3f5c-49b3-ada7-63ef878efe7c",
    "b31cb893-e97f-4a2b-8190-c9949e5c2a7c"
  ],
  "originalDim": "minecraft:overworld",
  "adjustX": 0.0,
  "originalPos": [
    -2168.5069686663496,
    63.0,
    -1911.8254766270393
  ],
  "highestLevelBeaten": 5.0
}